{
	"credit": "Made with Blockbench",
	"textures": {
		"2": "item/hats/frame"
	},
	"elements": [
		{
			"from": [18, 0, 1],
			"to": [24, 2, 15],
			"rotation": {"angle": 0, "axis": "y", "origin": [8, 1, 8]},
			"faces": {
				"north": {"uv": [3, 0, 0, 1], "texture": "#missing"},
				"east": {"uv": [14, 14, 0, 16], "texture": "#2"},
				"south": {"uv": [3, 0, 0, 1], "texture": "#missing"},
				"west": {"uv": [14, 14, 0, 16], "texture": "#2"},
				"up": {"uv": [0, 6, 14, 0], "rotation": 270, "texture": "#2"},
				"down": {"uv": [0, 0, 14, 6], "rotation": 90, "texture": "#2"}
			}
		},
		{
			"from": [1, 0, -8],
			"to": [15, 2, -2],
			"rotation": {"angle": 0, "axis": "y", "origin": [8, 1, 8]},
			"faces": {
				"north": {"uv": [0, 14, 14, 16], "texture": "#2"},
				"east": {"uv": [0, 0, 3, 1], "texture": "#missing"},
				"south": {"uv": [0, 14, 14, 16], "texture": "#2"},
				"west": {"uv": [0, 0, 3, 1], "texture": "#missing"},
				"up": {"uv": [0, 0, 14, 6], "texture": "#2"},
				"down": {"uv": [0, 6, 14, 0], "texture": "#2"}
			}
		},
		{
			"from": [-8, 0, 1],
			"to": [-2, 2, 15],
			"rotation": {"angle": 0, "axis": "y", "origin": [8, 1, 8]},
			"faces": {
				"north": {"uv": [0, 0, 3, 1], "texture": "#missing"},
				"east": {"uv": [0, 14, 14, 16], "texture": "#2"},
				"south": {"uv": [0, 0, 3, 1], "texture": "#missing"},
				"west": {"uv": [0, 14, 14, 16], "texture": "#2"},
				"up": {"uv": [0, 0, 14, 6], "rotation": 270, "texture": "#2"},
				"down": {"uv": [0, 6, 14, 0], "rotation": 90, "texture": "#2"}
			}
		},
		{
			"from": [1, 0, 18],
			"to": [15, 2, 24],
			"rotation": {"angle": 0, "axis": "y", "origin": [8, 1, 8]},
			"faces": {
				"north": {"uv": [0, 14, 14, 16], "texture": "#2"},
				"east": {"uv": [0, 0, 3, 1], "texture": "#missing"},
				"south": {"uv": [0, 14, 14, 16], "texture": "#2"},
				"west": {"uv": [0, 0, 3, 1], "texture": "#missing"},
				"up": {"uv": [0, 0, 14, 6], "rotation": 180, "texture": "#2"},
				"down": {"uv": [0, 6, 14, 0], "rotation": 180, "texture": "#2"}
			}
		},
		{
			"from": [1.65, 0.005, -8.25],
			"to": [14.37792, 1.995, -2.25],
			"rotation": {"angle": -45, "axis": "y", "origin": [8, 1, 8]},
			"faces": {
				"north": {"uv": [1, 14, 13, 16], "texture": "#2"},
				"east": {"uv": [0, 0, 3, 1], "texture": "#missing"},
				"south": {"uv": [1, 14, 13, 16], "texture": "#2"},
				"west": {"uv": [0, 0, 3, 1], "texture": "#missing"},
				"up": {"uv": [1, 0, 13, 6], "texture": "#2"},
				"down": {"uv": [1, 6, 13, 0], "texture": "#2"}
			}
		},
		{
			"from": [1.62208, 0.005, -8.25],
			"to": [14.35, 1.995, -2.25],
			"rotation": {"angle": 45, "axis": "y", "origin": [8, 1, 8]},
			"faces": {
				"north": {"uv": [13, 14, 1, 16], "texture": "#2"},
				"east": {"uv": [3, 0, 0, 1], "texture": "#missing"},
				"south": {"uv": [13, 14, 1, 16], "texture": "#2"},
				"west": {"uv": [3, 0, 0, 1], "texture": "#missing"},
				"up": {"uv": [13, 0, 1, 6], "texture": "#2"},
				"down": {"uv": [13, 6, 1, 0], "texture": "#2"}
			}
		},
		{
			"from": [1.62208, 0.005, 18.25],
			"to": [14.35, 1.995, 24.25],
			"rotation": {"angle": 45, "axis": "y", "origin": [8, 1, 8]},
			"faces": {
				"north": {"uv": [13, 14, 1, 16], "texture": "#2"},
				"east": {"uv": [3, 0, 0, 1], "texture": "#missing"},
				"south": {"uv": [13, 14, 1, 16], "texture": "#2"},
				"west": {"uv": [3, 0, 0, 1], "texture": "#missing"},
				"up": {"uv": [13, 0, 1, 6], "rotation": 180, "texture": "#2"},
				"down": {"uv": [13, 6, 1, 0], "rotation": 180, "texture": "#2"}
			}
		},
		{
			"from": [1.65, 0.005, 18.25],
			"to": [14.37792, 1.995, 24.25],
			"rotation": {"angle": -45, "axis": "y", "origin": [8, 1, 8]},
			"faces": {
				"north": {"uv": [1, 14, 13, 16], "texture": "#2"},
				"east": {"uv": [0, 0, 3, 1], "texture": "#missing"},
				"south": {"uv": [1, 14, 13, 16], "texture": "#2"},
				"west": {"uv": [0, 0, 3, 1], "texture": "#missing"},
				"up": {"uv": [1, 0, 13, 6], "rotation": 180, "texture": "#2"},
				"down": {"uv": [1, 6, 13, 0], "rotation": 180, "texture": "#2"}
			}
		}
	],
	"display": {
		"gui": {
			"rotation": [34, -160, 0],
			"translation": [0, 6.75, 0],
			"scale": [0.8, 0.8, 0.8]
		},
		"head": {
			"rotation": [-19, -162, 9],
			"translation": [1, 5.5, -2.75]
		},
		"fixed": {
			"rotation": [-90, 0, 0],
			"translation": [0, 32, -16],
			"scale": [2, 2, 2]
		}
	}
}